{"r_max": 0.1, "n_r": 101, "t_max": 100, "n_t": 101, "T_r": 10, "sphere": true, "k": 0.6, "rho": 1000.0, "c": 4200, "dt": 0.9900990099009901, "dr": 0.001, "D": 1.4285714285714285e-07, "s": 0.1414427157001414}